-- MySQL dump 10.13  Distrib 8.0.19, for Win64 (x86_64)
--
-- Host: localhost    Database: auth-system
-- ------------------------------------------------------
-- Server version	8.0.35

/*!40101 SET @OLD_CHARACTER_SET_CLIENT=@@CHARACTER_SET_CLIENT */;
/*!40101 SET @OLD_CHARACTER_SET_RESULTS=@@CHARACTER_SET_RESULTS */;
/*!40101 SET @OLD_COLLATION_CONNECTION=@@COLLATION_CONNECTION */;
/*!50503 SET NAMES utf8mb4 */;
/*!40103 SET @OLD_TIME_ZONE=@@TIME_ZONE */;
/*!40103 SET TIME_ZONE='+00:00' */;
/*!40014 SET @OLD_UNIQUE_CHECKS=@@UNIQUE_CHECKS, UNIQUE_CHECKS=0 */;
/*!40014 SET @OLD_FOREIGN_KEY_CHECKS=@@FOREIGN_KEY_CHECKS, FOREIGN_KEY_CHECKS=0 */;
/*!40101 SET @OLD_SQL_MODE=@@SQL_MODE, SQL_MODE='NO_AUTO_VALUE_ON_ZERO' */;
/*!40111 SET @OLD_SQL_NOTES=@@SQL_NOTES, SQL_NOTES=0 */;

--
-- Table structure for table `sys_role_menu`
--

DROP TABLE IF EXISTS `sys_role_menu`;
/*!40101 SET @saved_cs_client     = @@character_set_client */;
/*!50503 SET character_set_client = utf8mb4 */;
CREATE TABLE `sys_role_menu` (
  `id` bigint NOT NULL AUTO_INCREMENT,
  `role_id` bigint NOT NULL DEFAULT '0',
  `menu_id` bigint NOT NULL DEFAULT '0',
  `create_time` timestamp NOT NULL DEFAULT CURRENT_TIMESTAMP COMMENT '创建时间',
  `update_time` timestamp NOT NULL DEFAULT CURRENT_TIMESTAMP ON UPDATE CURRENT_TIMESTAMP COMMENT '更新时间',
  `deleted` tinyint NOT NULL DEFAULT '0' COMMENT '删除标记（0:可用 1:已删除）',
  PRIMARY KEY (`id`),
  KEY `idx_role_id` (`role_id`),
  KEY `idx_menu_id` (`menu_id`)
) ENGINE=InnoDB AUTO_INCREMENT=191 DEFAULT CHARSET=utf8mb3 COMMENT='角色菜单';
/*!40101 SET character_set_client = @saved_cs_client */;

--
-- Dumping data for table `sys_role_menu`
--

LOCK TABLES `sys_role_menu` WRITE;
/*!40000 ALTER TABLE `sys_role_menu` DISABLE KEYS */;
INSERT INTO `sys_role_menu` VALUES (154,2,2,'2023-12-13 11:42:41','2023-12-13 11:42:41',0),(155,2,3,'2023-12-13 11:42:41','2023-12-13 11:42:41',0),(156,2,6,'2023-12-13 11:42:41','2023-12-13 11:42:41',0),(157,2,7,'2023-12-13 11:42:41','2023-12-13 11:42:41',0),(158,2,8,'2023-12-13 11:42:41','2023-12-13 11:42:41',0),(159,2,9,'2023-12-13 11:42:41','2023-12-13 11:42:41',0),(160,2,18,'2023-12-13 11:42:41','2023-12-13 11:42:41',0),(161,2,4,'2023-12-13 11:42:41','2023-12-13 11:42:41',0),(162,2,10,'2023-12-13 11:42:41','2023-12-13 11:42:41',0),(163,2,11,'2023-12-13 11:42:41','2023-12-13 11:42:41',0),(164,2,12,'2023-12-13 11:42:42','2023-12-13 11:42:42',0),(165,2,13,'2023-12-13 11:42:42','2023-12-13 11:42:42',0),(166,2,19,'2023-12-13 11:42:42','2023-12-13 11:42:42',0),(167,2,5,'2023-12-13 11:42:42','2023-12-13 11:42:42',0),(168,2,14,'2023-12-13 11:42:42','2023-12-13 11:42:42',0),(169,1,2,'2023-12-15 06:50:54','2023-12-15 06:50:54',0),(170,1,3,'2023-12-15 06:50:54','2023-12-15 06:50:54',0),(171,1,6,'2023-12-15 06:50:54','2023-12-15 06:50:54',0),(172,1,7,'2023-12-15 06:50:54','2023-12-15 06:50:54',0),(173,1,8,'2023-12-15 06:50:54','2023-12-15 06:50:54',0),(174,1,9,'2023-12-15 06:50:54','2023-12-15 06:50:54',0),(175,1,18,'2023-12-15 06:50:55','2023-12-15 06:50:55',0),(176,1,37,'2023-12-15 06:50:55','2023-12-15 06:50:55',0),(177,1,4,'2023-12-15 06:50:55','2023-12-15 06:50:55',0),(178,1,10,'2023-12-15 06:50:55','2023-12-15 06:50:55',0),(179,1,11,'2023-12-15 06:50:55','2023-12-15 06:50:55',0),(180,1,12,'2023-12-15 06:50:55','2023-12-15 06:50:55',0),(181,1,13,'2023-12-15 06:50:55','2023-12-15 06:50:55',0),(182,1,19,'2023-12-15 06:50:55','2023-12-15 06:50:55',0),(183,1,5,'2023-12-15 06:50:55','2023-12-15 06:50:55',0),(184,1,14,'2023-12-15 06:50:55','2023-12-15 06:50:55',0),(185,1,15,'2023-12-15 06:50:55','2023-12-15 06:50:55',0),(186,1,16,'2023-12-15 06:50:55','2023-12-15 06:50:55',0),(187,1,17,'2023-12-15 06:50:55','2023-12-15 06:50:55',0),(188,1,39,'2023-12-15 06:50:55','2023-12-15 06:50:55',0),(189,1,40,'2023-12-15 06:50:55','2023-12-15 06:50:55',0),(190,1,41,'2023-12-15 06:50:55','2023-12-15 06:50:55',0);
/*!40000 ALTER TABLE `sys_role_menu` ENABLE KEYS */;
UNLOCK TABLES;

--
-- Table structure for table `sys_user`
--

DROP TABLE IF EXISTS `sys_user`;
/*!40101 SET @saved_cs_client     = @@character_set_client */;
/*!50503 SET character_set_client = utf8mb4 */;
CREATE TABLE `sys_user` (
  `id` bigint NOT NULL AUTO_INCREMENT COMMENT '会员id',
  `username` varchar(20) NOT NULL DEFAULT '' COMMENT '用户名',
  `password` varchar(50) CHARACTER SET utf8mb4 COLLATE utf8mb4_0900_ai_ci NOT NULL DEFAULT '' COMMENT '密码',
  `name` varchar(50) DEFAULT NULL COMMENT '姓名',
  `phone` varchar(11) DEFAULT NULL COMMENT '手机',
  `head_url` varchar(200) DEFAULT NULL COMMENT '头像地址',
  `dept_id` bigint DEFAULT NULL COMMENT '部门id',
  `post_id` bigint DEFAULT NULL COMMENT '岗位id',
  `description` varchar(255) DEFAULT NULL COMMENT '描述',
  `status` tinyint DEFAULT NULL COMMENT '状态（1：正常 0：停用）',
  `create_time` timestamp NOT NULL DEFAULT CURRENT_TIMESTAMP COMMENT '创建时间',
  `update_time` timestamp NOT NULL DEFAULT CURRENT_TIMESTAMP ON UPDATE CURRENT_TIMESTAMP COMMENT '更新时间',
  `deleted` tinyint NOT NULL DEFAULT '0' COMMENT '删除标记（0:可用 1:已删除）',
  PRIMARY KEY (`id`),
  UNIQUE KEY `idx_username` (`username`)
) ENGINE=InnoDB AUTO_INCREMENT=6 DEFAULT CHARSET=utf8mb4 COLLATE=utf8mb4_0900_ai_ci COMMENT='用户表';
/*!40101 SET character_set_client = @saved_cs_client */;

--
-- Dumping data for table `sys_user`
--

LOCK TABLES `sys_user` WRITE;
/*!40000 ALTER TABLE `sys_user` DISABLE KEYS */;
INSERT INTO `sys_user` VALUES (1,'admin','7c4a8d09ca3762af61e59520943dc26494f8941b','admin','15099909888','https://p.qqan.com/up/2023-12/2023121281748142.jpg',1021,5,NULL,1,'2021-05-31 11:08:43','2023-12-12 09:41:15',0),(2,'wangqq','7c4a8d09ca3762af61e59520943dc26494f8941b','王倩倩','15010546381','https://p.qqan.com/up/2023-12/2023121281748142.jpg',1022,6,NULL,1,'2022-02-08 03:35:38','2023-12-12 09:41:15',0),(3,'wanggang','7c4a8d09ca3762af61e59520943dc26494f8941b','王刚','18909098909','https://p.qqan.com/up/2023-12/2023121281748142.jpg',1024,5,NULL,1,'2022-05-24 04:05:40','2023-12-12 09:41:15',0),(4,'zhangsan','7c4a8d09ca3762af61e59520943dc26494f8941b','张三','13612345678','https://p.qqan.com/up/2023-12/2023121281748142.jpg',NULL,NULL,NULL,1,'2023-12-09 09:28:39','2023-12-12 09:41:15',0);
/*!40000 ALTER TABLE `sys_user` ENABLE KEYS */;
UNLOCK TABLES;

--
-- Table structure for table `sys_menu`
--

DROP TABLE IF EXISTS `sys_menu`;
/*!40101 SET @saved_cs_client     = @@character_set_client */;
/*!50503 SET character_set_client = utf8mb4 */;
CREATE TABLE `sys_menu` (
  `id` bigint NOT NULL AUTO_INCREMENT COMMENT '编号',
  `parent_id` bigint NOT NULL DEFAULT '0' COMMENT '所属上级',
  `name` varchar(20) CHARACTER SET utf8mb4 COLLATE utf8mb4_0900_ai_ci NOT NULL COMMENT '名称',
  `type` tinyint NOT NULL DEFAULT '0' COMMENT '类型(0:目录,1:菜单,2:按钮)',
  `path` varchar(100) DEFAULT NULL COMMENT '路由地址',
  `component` varchar(100) CHARACTER SET utf8mb4 COLLATE utf8mb4_0900_ai_ci DEFAULT NULL COMMENT '组件路径',
  `perms` varchar(100) CHARACTER SET utf8mb4 COLLATE utf8mb4_0900_ai_ci DEFAULT NULL COMMENT '权限标识',
  `icon` varchar(100) DEFAULT NULL COMMENT '图标',
  `sort_value` int DEFAULT NULL COMMENT '排序',
  `status` tinyint DEFAULT NULL COMMENT '状态(0:禁止,1:正常)',
  `create_time` timestamp NOT NULL DEFAULT CURRENT_TIMESTAMP COMMENT '创建时间',
  `update_time` timestamp NOT NULL DEFAULT CURRENT_TIMESTAMP ON UPDATE CURRENT_TIMESTAMP COMMENT '更新时间',
  `deleted` tinyint NOT NULL DEFAULT '0' COMMENT '删除标记（0:可用 1:已删除）',
  PRIMARY KEY (`id`),
  KEY `idx_parent_id` (`parent_id`)
) ENGINE=InnoDB AUTO_INCREMENT=42 DEFAULT CHARSET=utf8mb4 COLLATE=utf8mb4_0900_ai_ci COMMENT='菜单表';
/*!40101 SET character_set_client = @saved_cs_client */;

--
-- Dumping data for table `sys_menu`
--

LOCK TABLES `sys_menu` WRITE;
/*!40000 ALTER TABLE `sys_menu` DISABLE KEYS */;
INSERT INTO `sys_menu` VALUES (2,0,'系统管理',0,'system','Layout',NULL,'el-icon-s-tools',1,1,'2021-05-31 11:05:37','2022-06-09 02:23:24',0),(3,2,'用户管理',1,'sysUser','system/sysUser/list','','el-icon-s-custom',1,1,'2021-05-31 11:05:37','2022-06-09 02:22:47',0),(4,2,'角色管理',1,'sysRole','system/sysRole/list','','el-icon-user-solid',2,1,'2021-05-31 11:05:37','2022-06-09 02:37:18',0),(5,2,'菜单管理',1,'sysMenu','system/sysMenu/list','','el-icon-s-unfold',3,1,'2021-05-31 11:05:37','2022-06-09 02:37:21',0),(6,3,'查看',2,NULL,NULL,'bnt.sysUser.list',NULL,1,1,'2021-05-31 11:05:37','2022-06-09 02:22:38',0),(7,3,'添加',2,NULL,NULL,'bnt.sysUser.add',NULL,1,1,'2021-05-31 11:05:37','2022-06-09 02:22:38',0),(8,3,'修改',2,NULL,NULL,'bnt.sysUser.update',NULL,1,1,'2021-05-31 11:05:37','2022-06-09 02:22:38',0),(9,3,'删除',2,NULL,NULL,'bnt.sysUser.remove',NULL,1,1,'2021-05-31 11:05:37','2022-06-09 02:22:38',0),(10,4,'查看',2,NULL,NULL,'bnt.sysRole.list',NULL,1,1,'2021-05-31 11:05:37','2022-06-09 02:22:38',0),(11,4,'添加',2,NULL,NULL,'bnt.sysRole.add',NULL,1,1,'2021-05-31 11:05:37','2022-06-09 02:22:38',0),(12,4,'修改',2,NULL,NULL,'bnt.sysRole.update',NULL,1,1,'2021-05-31 11:05:37','2022-06-09 02:22:38',0),(13,4,'删除',2,NULL,NULL,'bnt.sysRole.remove',NULL,1,1,'2021-05-31 11:05:37','2022-06-09 02:22:38',0),(14,5,'查看',2,NULL,NULL,'bnt.sysMenu.list',NULL,1,1,'2021-05-31 11:05:37','2022-06-09 02:22:38',0),(15,5,'添加',2,NULL,NULL,'bnt.sysMenu.add',NULL,1,1,'2021-05-31 11:05:37','2022-06-09 02:22:38',0),(16,5,'修改',2,NULL,NULL,'bnt.sysMenu.update',NULL,1,1,'2021-05-31 11:05:37','2022-06-09 02:22:38',0),(17,5,'删除',2,NULL,NULL,'bnt.sysMenu.remove',NULL,1,1,'2021-05-31 11:05:37','2022-06-09 02:22:38',0),(18,3,'分配角色',2,NULL,NULL,'bnt.sysUser.assignRole',NULL,1,1,'2022-05-23 10:14:32','2022-06-09 02:22:38',0),(19,4,'分配权限',2,'assignAuth','system/sysRole/assignAuth','bnt.sysRole.assignAuth',NULL,1,1,'2022-05-23 10:18:14','2022-06-09 02:22:38',0),(37,3,'更新状态',2,NULL,NULL,'bnt.sysUser.updateStatus',NULL,1,1,'2021-05-31 11:05:37','2022-06-09 02:22:38',0),(39,2,'日志管理',0,'log','ParentView',NULL,'el-icon-tickets',4,1,'2023-12-15 02:53:55','2023-12-15 02:53:55',0),(40,39,'登录日志',1,'sysLoginLog','system/sysLoginLog/list','bnt.sysLoginLog.list','el-icon-s-goods',1,1,'2023-12-15 03:16:42','2023-12-15 03:16:42',0),(41,39,'操作日志',1,'sysOperLog','system/sysOperLog/list','bnt.sysOperLog.list','el-icon-document-remove',2,1,'2023-12-15 04:31:01','2023-12-15 04:31:01',0);
/*!40000 ALTER TABLE `sys_menu` ENABLE KEYS */;
UNLOCK TABLES;

--
-- Table structure for table `sys_oper_log`
--

DROP TABLE IF EXISTS `sys_oper_log`;
/*!40101 SET @saved_cs_client     = @@character_set_client */;
/*!50503 SET character_set_client = utf8mb4 */;
CREATE TABLE `sys_oper_log` (
  `id` bigint NOT NULL AUTO_INCREMENT COMMENT '日志主键',
  `title` varchar(50) CHARACTER SET utf8mb3 COLLATE utf8mb3_general_ci DEFAULT NULL COMMENT '方法注释',
  `method` varchar(100) CHARACTER SET utf8mb3 COLLATE utf8mb3_general_ci DEFAULT NULL COMMENT '方法名称',
  `username` varchar(50) CHARACTER SET utf8mb3 COLLATE utf8mb3_general_ci DEFAULT NULL COMMENT '操作人员',
  `ipaddr` varchar(128) CHARACTER SET utf8mb3 COLLATE utf8mb3_general_ci DEFAULT NULL COMMENT '主机地址',
  `param` varchar(2000) CHARACTER SET utf8mb3 COLLATE utf8mb3_general_ci DEFAULT NULL COMMENT '请求参数',
  `result` varchar(2000) CHARACTER SET utf8mb3 COLLATE utf8mb3_general_ci DEFAULT NULL COMMENT '返回参数',
  `create_time` timestamp NOT NULL DEFAULT CURRENT_TIMESTAMP ON UPDATE CURRENT_TIMESTAMP,
  `update_time` timestamp NULL DEFAULT NULL ON UPDATE CURRENT_TIMESTAMP,
  `deleted` tinyint NOT NULL DEFAULT '0' COMMENT '删除标记（0:可用 1:已删除）',
  `module` varchar(50) DEFAULT NULL COMMENT '模块名称',
  `status` tinyint DEFAULT NULL COMMENT '执行状态（成功1，失败0）',
  `error_msg` varchar(600) CHARACTER SET utf8mb3 COLLATE utf8mb3_general_ci DEFAULT NULL COMMENT '错误消息',
  PRIMARY KEY (`id`)
) ENGINE=InnoDB AUTO_INCREMENT=193 DEFAULT CHARSET=utf8mb3 COMMENT='操作日志记录';
/*!40101 SET character_set_client = @saved_cs_client */;

--
-- Dumping data for table `sys_oper_log`
--

LOCK TABLES `sys_oper_log` WRITE;
/*!40000 ALTER TABLE `sys_oper_log` DISABLE KEYS */;
INSERT INTO `sys_oper_log` VALUES (1,'条件分页查询','com.my.system.controller.SysUserController.page','zhangsan','0:0:0:0:0:0:0:1','1 3 {\"keyword\":\"ad\"}',NULL,'2023-12-14 11:54:26',NULL,0,'系统用户管理',1,NULL),(2,'添加用户','com.my.system.controller.SysUserController.save','zhangsan','0:0:0:0:0:0:0:1','{\"password\":\"\",\"phone\":\"\",\"headUrl\":\"\",\"name\":\"\",\"description\":\"\",\"id\":5,\"status\":0,\"username\":\"\"}','{\"code\":200,\"message\":\"成功\"}','2023-12-14 11:54:42',NULL,0,'系统用户管理',1,NULL),(3,'添加角色','com.my.system.controller.SysRoleController.save','zhangsan','0:0:0:0:0:0:0:1','{\"roleCode\":\"001\",\"roleName\":\"推销员推销员推销员推销员推销员推销员推销员推销员推销员推销员推销员推销员推销员推销员推销员推销员推销员推销员推销员推销员推销员推销员推销员推销员推销员推销员推销员推销员推销员推销员推销员推销员推销员推销员推销员推销员推销员\",\"description\":\"\",\"id\":0}',NULL,'2023-12-14 11:54:59',NULL,0,'角色管理',0,'\r\n### Error updating database.  Cause: com.mysql.cj.jdbc.exceptions.MysqlDataTruncation: Data truncation: Data too long for column \'role_name\' at row 1\r\n### The error may exist in com/my/system/dao/SysRoleMapper.java (best guess)\r\n### The error may involve com.my.system.dao.SysRoleMapper.insert-Inline\r\n### The error occurred while setting parameters\r\n### SQL: INSERT INTO sys_role  ( id, role_name, role_code, description )  VALUES  ( ?, ?, ?, ? )\r\n### Cause: com.mysql.cj.jdbc.exceptions.MysqlData'),(4,'条件分页查询','com.my.system.controller.SysLoginLogController.page','admin','0:0:0:0:0:0:0:1','1 2 {}',NULL,'2023-12-15 03:17:01',NULL,0,'系统登录日志',0,'Error attempting to get column \'ipaddr\' from result set.  Cause: java.sql.SQLDataException: Cannot determine value type from string \'0:0:0:0:0:0:0:1\'\n; Cannot determine value type from string \'0:0:0:0:0:0:0:1\'; nested exception is java.sql.SQLDataException: Cannot determine value type from string \'0:0:0:0:0:0:0:1\''),(5,'条件分页查询','com.my.system.controller.SysLoginLogController.page','admin','0:0:0:0:0:0:0:1','1 2 {}',NULL,'2023-12-15 03:17:16',NULL,0,'系统登录日志',0,'Error attempting to get column \'ipaddr\' from result set.  Cause: java.sql.SQLDataException: Cannot determine value type from string \'0:0:0:0:0:0:0:1\'\n; Cannot determine value type from string \'0:0:0:0:0:0:0:1\'; nested exception is java.sql.SQLDataException: Cannot determine value type from string \'0:0:0:0:0:0:0:1\''),(6,'条件分页查询','com.my.system.controller.SysLoginLogController.page','admin','0:0:0:0:0:0:0:1','1 2 {}',NULL,'2023-12-15 03:26:17',NULL,0,'系统登录日志',0,'Error attempting to get column \'ipaddr\' from result set.  Cause: java.sql.SQLDataException: Cannot determine value type from string \'0:0:0:0:0:0:0:1\'\n; Cannot determine value type from string \'0:0:0:0:0:0:0:1\'; nested exception is java.sql.SQLDataException: Cannot determine value type from string \'0:0:0:0:0:0:0:1\''),(7,'条件分页查询','com.my.system.controller.SysLoginLogController.page','admin','0:0:0:0:0:0:0:1','1 2 {}',NULL,'2023-12-15 03:49:55',NULL,0,'系统登录日志',0,'Error attempting to get column \'ipaddr\' from result set.  Cause: java.sql.SQLDataException: Cannot determine value type from string \'0:0:0:0:0:0:0:1\'\n; Cannot determine value type from string \'0:0:0:0:0:0:0:1\'; nested exception is java.sql.SQLDataException: Cannot determine value type from string \'0:0:0:0:0:0:0:1\''),(8,'条件分页查询','com.my.system.controller.SysLoginLogController.page','admin','127.0.0.1','1 2 {}',NULL,'2023-12-15 03:57:21',NULL,0,'系统登录日志',0,'Error attempting to get column \'ipaddr\' from result set.  Cause: java.sql.SQLDataException: Cannot determine value type from string \'127.0.0.1\'\n; Cannot determine value type from string \'127.0.0.1\'; nested exception is java.sql.SQLDataException: Cannot determine value type from string \'127.0.0.1\''),(9,'条件分页查询','com.my.system.controller.SysLoginLogController.page','admin','127.0.0.1','1 2 {}',NULL,'2023-12-15 03:57:31',NULL,0,'系统登录日志',0,'Error attempting to get column \'ipaddr\' from result set.  Cause: java.sql.SQLDataException: Cannot determine value type from string \'127.0.0.1\'\n; Cannot determine value type from string \'127.0.0.1\'; nested exception is java.sql.SQLDataException: Cannot determine value type from string \'127.0.0.1\''),(10,'条件分页查询','com.my.system.controller.SysLoginLogController.page','admin','192.168.0.109','1 2 {}',NULL,'2023-12-15 04:01:09',NULL,0,'系统登录日志',0,'Error attempting to get column \'ipaddr\' from result set.  Cause: java.sql.SQLDataException: Cannot determine value type from string \'127.0.0.1\'\n; Cannot determine value type from string \'127.0.0.1\'; nested exception is java.sql.SQLDataException: Cannot determine value type from string \'127.0.0.1\''),(11,'条件分页查询','com.my.system.controller.SysLoginLogController.page','admin','192.168.0.109','1 2 {}',NULL,'2023-12-15 04:10:56',NULL,0,'系统登录日志',0,'Error attempting to get column \'ipaddr\' from result set.  Cause: java.sql.SQLDataException: Cannot determine value type from string \'192.168.0.109\'\n; Cannot determine value type from string \'192.168.0.109\'; nested exception is java.sql.SQLDataException: Cannot determine value type from string \'192.168.0.109\''),(12,'条件分页查询','com.my.system.controller.SysLoginLogController.page','admin','192.168.0.109','1 2 {}',NULL,'2023-12-15 04:21:38',NULL,0,'系统登录日志',1,NULL),(13,'条件分页查询','com.my.system.controller.SysLoginLogController.page','admin','192.168.0.109','1 2 {}',NULL,'2023-12-15 04:21:52',NULL,0,'系统登录日志',1,NULL),(14,'获取用户信息','com.my.system.controller.IndexController.info','admin','127.0.0.1','',NULL,'2023-12-15 04:24:09',NULL,0,'后台登录管理',1,NULL),(15,'条件分页查询','com.my.system.controller.SysLoginLogController.page','admin','127.0.0.1','1 2 {}',NULL,'2023-12-15 04:24:14',NULL,0,'系统登录日志',1,NULL),(16,'获取用户信息','com.my.system.controller.IndexController.info','admin','127.0.0.1','',NULL,'2023-12-15 04:25:17',NULL,0,'后台登录管理',1,NULL),(17,'条件分页查询','com.my.system.controller.SysLoginLogController.page','admin','127.0.0.1','1 2 {}',NULL,'2023-12-15 04:25:17',NULL,0,'系统登录日志',1,NULL),(18,'获取用户信息','com.my.system.controller.IndexController.info','admin','127.0.0.1','',NULL,'2023-12-15 04:26:15',NULL,0,'后台登录管理',1,NULL),(19,'条件分页查询','com.my.system.controller.SysLoginLogController.page','admin','127.0.0.1','1 2 {}',NULL,'2023-12-15 04:26:15',NULL,0,'系统登录日志',1,NULL),(20,'获取用户信息','com.my.system.controller.IndexController.info','admin','127.0.0.1','',NULL,'2023-12-15 04:27:03',NULL,0,'后台登录管理',1,NULL),(21,'条件分页查询','com.my.system.controller.SysLoginLogController.page','admin','127.0.0.1','1 2 {}',NULL,'2023-12-15 04:27:03',NULL,0,'系统登录日志',1,NULL),(22,'条件分页查询','com.my.system.controller.SysLoginLogController.page','admin','127.0.0.1','1 2 {}',NULL,'2023-12-15 04:27:29',NULL,0,'系统登录日志',1,NULL),(23,'获取用户信息','com.my.system.controller.IndexController.info','admin','127.0.0.1','',NULL,'2023-12-15 04:28:06',NULL,0,'后台登录管理',1,NULL),(24,'条件分页查询','com.my.system.controller.SysLoginLogController.page','admin','127.0.0.1','1 2 {}',NULL,'2023-12-15 04:28:06',NULL,0,'系统登录日志',1,NULL),(25,'条件分页查询','com.my.system.controller.SysLoginLogController.page','admin','127.0.0.1','2 2 {}',NULL,'2023-12-15 04:28:08',NULL,0,'系统登录日志',1,NULL),(26,'条件分页查询','com.my.system.controller.SysLoginLogController.page','admin','127.0.0.1','1 2 {}',NULL,'2023-12-15 04:28:10',NULL,0,'系统登录日志',1,NULL),(27,'条件分页查询','com.my.system.controller.SysLoginLogController.page','admin','127.0.0.1','1 2 {\"username\":\"zhang\"}',NULL,'2023-12-15 04:28:14',NULL,0,'系统登录日志',1,NULL),(28,'条件分页查询','com.my.system.controller.SysLoginLogController.page','admin','127.0.0.1','1 2 {\"createTimeEnd\":\"2024-01-19 00:00:00\",\"createTimeBegin\":\"2023-12-05 00:00:00\",\"username\":\"zhang\"}',NULL,'2023-12-15 04:28:24',NULL,0,'系统登录日志',1,NULL),(29,'条件分页查询','com.my.system.controller.SysLoginLogController.page','admin','127.0.0.1','1 2 {\"createTimeEnd\":\"2024-01-19 00:00:00\",\"createTimeBegin\":\"2023-12-05 00:00:00\",\"username\":\"zhang\"}',NULL,'2023-12-15 04:28:25',NULL,0,'系统登录日志',1,NULL),(30,'条件分页查询','com.my.system.controller.SysLoginLogController.page','admin','127.0.0.1','1 2 {\"createTimeEnd\":\"2024-01-19 00:00:00\",\"createTimeBegin\":\"2023-12-05 00:00:00\",\"username\":\"zhang\"}',NULL,'2023-12-15 04:28:25',NULL,0,'系统登录日志',1,NULL),(31,'条件分页查询','com.my.system.controller.SysLoginLogController.page','admin','127.0.0.1','1 2 {\"createTimeEnd\":\"2024-01-19 00:00:00\",\"createTimeBegin\":\"2023-12-05 00:00:00\",\"username\":\"zhang\"}',NULL,'2023-12-15 04:28:26',NULL,0,'系统登录日志',1,NULL),(32,'条件分页查询','com.my.system.controller.SysLoginLogController.page','admin','127.0.0.1','1 2 {\"createTimeEnd\":\"2024-01-19 00:00:00\",\"createTimeBegin\":\"2023-12-05 00:00:00\",\"username\":\"zhang\"}',NULL,'2023-12-15 04:28:26',NULL,0,'系统登录日志',1,NULL),(33,'条件分页查询','com.my.system.controller.SysLoginLogController.page','admin','127.0.0.1','1 2 {\"createTimeEnd\":\"2024-01-19 00:00:00\",\"createTimeBegin\":\"2023-12-05 00:00:00\",\"username\":\"zhang\"}',NULL,'2023-12-15 04:28:26',NULL,0,'系统登录日志',1,NULL),(34,'条件分页查询','com.my.system.controller.SysLoginLogController.page','admin','127.0.0.1','1 2 {\"createTimeEnd\":\"2024-01-19 00:00:00\",\"createTimeBegin\":\"2023-12-05 00:00:00\",\"username\":\"zhang\"}',NULL,'2023-12-15 04:28:26',NULL,0,'系统登录日志',1,NULL),(35,'条件分页查询','com.my.system.controller.SysLoginLogController.page','admin','127.0.0.1','1 2 {\"createTimeEnd\":\"2024-01-19 00:00:00\",\"createTimeBegin\":\"2023-12-05 00:00:00\",\"username\":\"zhang\"}',NULL,'2023-12-15 04:28:26',NULL,0,'系统登录日志',1,NULL),(36,'条件分页查询','com.my.system.controller.SysLoginLogController.page','admin','127.0.0.1','1 2 {\"createTimeEnd\":\"2024-01-19 00:00:00\",\"createTimeBegin\":\"2023-12-05 00:00:00\",\"username\":\"zhang\"}',NULL,'2023-12-15 04:28:26',NULL,0,'系统登录日志',1,NULL),(37,'条件分页查询','com.my.system.controller.SysLoginLogController.page','admin','127.0.0.1','1 2 {\"createTimeEnd\":\"2024-01-19 00:00:00\",\"createTimeBegin\":\"2023-12-05 00:00:00\",\"username\":\"zhang\"}',NULL,'2023-12-15 04:28:27',NULL,0,'系统登录日志',1,NULL),(38,'条件分页查询','com.my.system.controller.SysLoginLogController.page','admin','127.0.0.1','1 2 {\"createTimeEnd\":\"2024-01-19 00:00:00\",\"createTimeBegin\":\"2023-12-05 00:00:00\",\"username\":\"zhang\"}',NULL,'2023-12-15 04:28:27',NULL,0,'系统登录日志',1,NULL),(39,'条件分页查询','com.my.system.controller.SysLoginLogController.page','admin','127.0.0.1','1 2 {\"createTimeEnd\":\"2024-01-19 00:00:00\",\"createTimeBegin\":\"2023-12-05 00:00:00\",\"username\":\"zhang\"}',NULL,'2023-12-15 04:28:27',NULL,0,'系统登录日志',1,NULL),(40,'条件分页查询','com.my.system.controller.SysLoginLogController.page','admin','127.0.0.1','1 2 {\"createTimeEnd\":\"2024-01-19 00:00:00\",\"createTimeBegin\":\"2023-12-05 00:00:00\",\"username\":\"zhang\"}',NULL,'2023-12-15 04:28:27',NULL,0,'系统登录日志',1,NULL),(41,'条件分页查询','com.my.system.controller.SysLoginLogController.page','admin','127.0.0.1','1 2 {\"createTimeEnd\":\"2024-01-19 00:00:00\",\"createTimeBegin\":\"2023-12-05 00:00:00\",\"username\":\"zhang\"}',NULL,'2023-12-15 04:28:28',NULL,0,'系统登录日志',1,NULL),(42,'条件分页查询','com.my.system.controller.SysLoginLogController.page','admin','127.0.0.1','1 2 {\"createTimeEnd\":\"2024-01-19 00:00:00\",\"createTimeBegin\":\"2023-12-05 00:00:00\",\"username\":\"zhang\"}',NULL,'2023-12-15 04:28:28',NULL,0,'系统登录日志',1,NULL),(43,'条件分页查询','com.my.system.controller.SysLoginLogController.page','admin','127.0.0.1','1 2 {\"createTimeEnd\":\"2024-01-19 00:00:00\",\"createTimeBegin\":\"2023-12-05 00:00:00\",\"username\":\"zhang\"}',NULL,'2023-12-15 04:28:28',NULL,0,'系统登录日志',1,NULL),(44,'条件分页查询','com.my.system.controller.SysLoginLogController.page','admin','127.0.0.1','1 2 {\"createTimeEnd\":\"2024-01-19 00:00:00\",\"createTimeBegin\":\"2023-12-05 00:00:00\",\"username\":\"zhang\"}',NULL,'2023-12-15 04:28:29',NULL,0,'系统登录日志',1,NULL),(45,'条件分页查询','com.my.system.controller.SysLoginLogController.page','admin','127.0.0.1','1 2 {\"createTimeEnd\":\"2024-01-19 00:00:00\",\"createTimeBegin\":\"2023-12-05 00:00:00\",\"username\":\"zhang\"}',NULL,'2023-12-15 04:28:29',NULL,0,'系统登录日志',1,NULL),(46,'条件分页查询','com.my.system.controller.SysLoginLogController.page','admin','127.0.0.1','1 2 {\"createTimeEnd\":\"2024-01-19 00:00:00\",\"createTimeBegin\":\"2023-12-05 00:00:00\",\"username\":\"zhang\"}',NULL,'2023-12-15 04:28:29',NULL,0,'系统登录日志',1,NULL),(47,'条件分页查询','com.my.system.controller.SysLoginLogController.page','admin','127.0.0.1','1 2 {\"createTimeEnd\":\"2024-01-19 00:00:00\",\"createTimeBegin\":\"2023-12-05 00:00:00\",\"username\":\"\"}',NULL,'2023-12-15 04:28:32',NULL,0,'系统登录日志',1,NULL),(48,'条件分页查询','com.my.system.controller.SysLoginLogController.page','admin','127.0.0.1','1 2 {\"createTimeEnd\":\"2024-01-20 00:00:00\",\"createTimeBegin\":\"2023-12-16 00:00:00\",\"username\":\"\"}',NULL,'2023-12-15 04:28:49',NULL,0,'系统登录日志',1,NULL),(49,'条件分页查询','com.my.system.controller.SysLoginLogController.page','admin','127.0.0.1','1 2 {}',NULL,'2023-12-15 04:28:54',NULL,0,'系统登录日志',1,NULL),(50,'条件分页查询','com.my.system.controller.SysLoginLogController.page','admin','127.0.0.1','1 2 {}',NULL,'2023-12-15 04:28:55',NULL,0,'系统登录日志',1,NULL),(51,'获取用户信息','com.my.system.controller.IndexController.info','admin','127.0.0.1','',NULL,'2023-12-15 04:34:30',NULL,0,'后台登录管理',1,NULL),(52,'条件分页查询','com.my.system.controller.SysLoginLogController.page','admin','127.0.0.1','1 2 {}',NULL,'2023-12-15 04:34:31',NULL,0,'系统登录日志',1,NULL),(53,'获取用户信息','com.my.system.controller.IndexController.info','admin','127.0.0.1','',NULL,'2023-12-15 04:38:54',NULL,0,'后台登录管理',1,NULL),(54,'条件分页查询','com.my.system.controller.SysLoginLogController.page','admin','127.0.0.1','1 2 {}',NULL,'2023-12-15 04:38:54',NULL,0,'系统登录日志',1,NULL),(55,'获取用户信息','com.my.system.controller.IndexController.info','admin','127.0.0.1','',NULL,'2023-12-15 04:39:26',NULL,0,'后台登录管理',1,NULL),(56,'条件分页查询','com.my.system.controller.SysLoginLogController.page','admin','127.0.0.1','1 2 {}',NULL,'2023-12-15 04:39:26',NULL,0,'系统登录日志',1,NULL),(57,'获取用户信息','com.my.system.controller.IndexController.info','admin','127.0.0.1','',NULL,'2023-12-15 04:40:13',NULL,0,'后台登录管理',1,NULL),(58,'条件分页查询','com.my.system.controller.SysLoginLogController.page','admin','127.0.0.1','1 2 {}',NULL,'2023-12-15 04:40:13',NULL,0,'系统登录日志',1,NULL),(59,'退出登录','com.my.system.controller.IndexController.logout','admin','127.0.0.1','','{\"code\":200,\"message\":\"成功\"}','2023-12-15 04:40:30',NULL,0,'后台登录管理',1,NULL),(60,'获取用户信息','com.my.system.controller.IndexController.info','admin','127.0.0.1','',NULL,'2023-12-15 04:40:32',NULL,0,'后台登录管理',1,NULL),(61,'条件分页查询','com.my.system.controller.SysOperLogController.page','admin','127.0.0.1','1 2 {}',NULL,'2023-12-15 04:40:32',NULL,0,'系统操作日志',1,NULL),(62,'条件分页查询','com.my.system.controller.SysLoginLogController.page','admin','127.0.0.1','1 2 {}',NULL,'2023-12-15 04:40:35',NULL,0,'系统登录日志',1,NULL),(63,'条件分页查询','com.my.system.controller.SysOperLogController.page','admin','127.0.0.1','1 2 {}',NULL,'2023-12-15 04:40:37',NULL,0,'系统操作日志',1,NULL),(64,'条件分页查询','com.my.system.controller.SysOperLogController.page','admin','127.0.0.1','3 2 {}',NULL,'2023-12-15 04:40:58',NULL,0,'系统操作日志',1,NULL),(65,'条件分页查询','com.my.system.controller.SysOperLogController.page','admin','127.0.0.1','2 2 {}',NULL,'2023-12-15 04:41:02',NULL,0,'系统操作日志',1,NULL),(66,'条件分页查询','com.my.system.controller.SysOperLogController.page','admin','127.0.0.1','1 2 {}',NULL,'2023-12-15 04:41:05',NULL,0,'系统操作日志',1,NULL),(67,'条件分页查询','com.my.system.controller.SysOperLogController.page','admin','127.0.0.1','1 2 {\"username\":\"admin\"}',NULL,'2023-12-15 04:41:53',NULL,0,'系统操作日志',1,NULL),(68,'条件分页查询','com.my.system.controller.SysOperLogController.page','admin','127.0.0.1','1 2 {\"username\":\"zhangsan\"}',NULL,'2023-12-15 04:42:02',NULL,0,'系统操作日志',1,NULL),(69,'条件分页查询','com.my.system.controller.SysOperLogController.page','admin','127.0.0.1','2 2 {\"username\":\"zhangsan\"}',NULL,'2023-12-15 04:42:07',NULL,0,'系统操作日志',1,NULL),(70,'条件分页查询','com.my.system.controller.SysOperLogController.page','admin','127.0.0.1','1 2 {\"username\":\"zhangsan\"}',NULL,'2023-12-15 04:42:13',NULL,0,'系统操作日志',1,NULL),(71,'条件分页查询','com.my.system.controller.SysLoginLogController.page','admin','127.0.0.1','1 2 {}',NULL,'2023-12-15 04:42:21',NULL,0,'系统登录日志',1,NULL),(72,'条件分页查询','com.my.system.controller.SysOperLogController.page','admin','127.0.0.1','1 2 {}',NULL,'2023-12-15 04:42:24',NULL,0,'系统操作日志',1,NULL),(73,'条件分页查询','com.my.system.controller.SysOperLogController.page','admin','127.0.0.1','1 2 {}',NULL,'2023-12-15 04:52:24',NULL,0,'系统操作日志',1,NULL),(74,'条件分页查询','com.my.system.controller.SysOperLogController.page','admin','127.0.0.1','1 2 {}',NULL,'2023-12-15 04:53:26',NULL,0,'系统操作日志',1,NULL),(75,'条件分页查询','com.my.system.controller.SysOperLogController.page','admin','127.0.0.1','1 2 {}',NULL,'2023-12-15 04:59:42',NULL,0,'系统操作日志',1,NULL),(76,'条件分页查询','com.my.system.controller.SysOperLogController.page','admin','127.0.0.1','1 2 {}',NULL,'2023-12-15 05:00:45',NULL,0,'系统操作日志',1,NULL),(77,'条件分页查询','com.my.system.controller.SysOperLogController.page','admin','127.0.0.1','1 2 {}',NULL,'2023-12-15 05:00:49',NULL,0,'系统操作日志',1,NULL),(78,'获取用户信息','com.my.system.controller.IndexController.info','admin','127.0.0.1','',NULL,'2023-12-15 05:06:39',NULL,0,'后台登录管理',1,NULL),(79,'条件分页查询','com.my.system.controller.SysOperLogController.page','admin','127.0.0.1','1 2 {}',NULL,'2023-12-15 05:06:39',NULL,0,'系统操作日志',1,NULL),(80,'获取用户信息','com.my.system.controller.IndexController.info','admin','127.0.0.1','',NULL,'2023-12-15 05:08:48',NULL,0,'后台登录管理',1,NULL),(81,'条件分页查询','com.my.system.controller.SysOperLogController.page','admin','127.0.0.1','1 2 {}',NULL,'2023-12-15 05:08:48',NULL,0,'系统操作日志',1,NULL),(82,'条件分页查询','com.my.system.controller.SysOperLogController.page','admin','127.0.0.1','1 2 {}',NULL,'2023-12-15 05:16:12',NULL,0,'系统操作日志',1,NULL),(83,'条件分页查询','com.my.system.controller.SysOperLogController.page','admin','127.0.0.1','1 2 {}',NULL,'2023-12-15 05:23:30',NULL,0,'系统操作日志',1,NULL),(84,'获取用户信息','com.my.system.controller.IndexController.info','admin','127.0.0.1','',NULL,'2023-12-15 05:24:04',NULL,0,'后台登录管理',1,NULL),(85,'条件分页查询','com.my.system.controller.SysOperLogController.page','admin','127.0.0.1','1 2 {}',NULL,'2023-12-15 05:24:04',NULL,0,'系统操作日志',1,NULL),(86,'获取用户信息','com.my.system.controller.IndexController.info','admin','127.0.0.1','',NULL,'2023-12-15 05:24:37',NULL,0,'后台登录管理',1,NULL),(87,'条件分页查询','com.my.system.controller.SysOperLogController.page','admin','127.0.0.1','1 2 {}',NULL,'2023-12-15 05:24:37',NULL,0,'系统操作日志',1,NULL),(88,'条件分页查询','com.my.system.controller.SysOperLogController.page','admin','127.0.0.1','1 2 {}',NULL,'2023-12-15 05:25:03',NULL,0,'系统操作日志',1,NULL),(89,'条件分页查询','com.my.system.controller.SysOperLogController.page','admin','127.0.0.1','1 2 {}',NULL,'2023-12-15 05:30:47',NULL,0,'系统操作日志',1,NULL),(90,'条件分页查询','com.my.system.controller.SysOperLogController.page','admin','127.0.0.1','1 2 {}',NULL,'2023-12-15 05:33:09',NULL,0,'系统操作日志',1,NULL),(91,'条件分页查询','com.my.system.controller.SysOperLogController.page','admin','127.0.0.1','1 2 {}',NULL,'2023-12-15 05:36:40',NULL,0,'系统操作日志',1,NULL),(92,'条件分页查询','com.my.system.controller.SysOperLogController.page','admin','127.0.0.1','1 2 {}',NULL,'2023-12-15 05:38:10',NULL,0,'系统操作日志',1,NULL),(93,'条件分页查询','com.my.system.controller.SysOperLogController.page','admin','127.0.0.1','3 2 {}',NULL,'2023-12-15 05:38:30',NULL,0,'系统操作日志',1,NULL),(94,'条件分页查询','com.my.system.controller.SysOperLogController.page','admin','127.0.0.1','2 2 {}',NULL,'2023-12-15 05:38:37',NULL,0,'系统操作日志',1,NULL),(95,'条件分页查询','com.my.system.controller.SysOperLogController.page','admin','127.0.0.1','5 2 {}',NULL,'2023-12-15 05:38:39',NULL,0,'系统操作日志',1,NULL),(96,'条件分页查询','com.my.system.controller.SysOperLogController.page','admin','127.0.0.1','4 2 {}',NULL,'2023-12-15 05:38:40',NULL,0,'系统操作日志',1,NULL),(97,'条件分页查询','com.my.system.controller.SysOperLogController.page','admin','127.0.0.1','3 2 {}',NULL,'2023-12-15 05:38:41',NULL,0,'系统操作日志',1,NULL),(98,'条件分页查询','com.my.system.controller.SysOperLogController.page','admin','127.0.0.1','2 2 {}',NULL,'2023-12-15 05:38:41',NULL,0,'系统操作日志',1,NULL),(99,'条件分页查询','com.my.system.controller.SysOperLogController.page','admin','127.0.0.1','1 2 {}',NULL,'2023-12-15 05:38:42',NULL,0,'系统操作日志',1,NULL),(100,'条件分页查询','com.my.system.controller.SysOperLogController.page','admin','127.0.0.1','5 2 {}',NULL,'2023-12-15 06:45:32',NULL,0,'系统操作日志',1,NULL),(101,'条件分页查询','com.my.system.controller.SysOperLogController.page','admin','127.0.0.1','7 2 {}',NULL,'2023-12-15 06:45:48',NULL,0,'系统操作日志',1,NULL),(102,'条件分页查询','com.my.system.controller.SysOperLogController.page','admin','127.0.0.1','5 2 {}',NULL,'2023-12-15 06:46:01',NULL,0,'系统操作日志',1,NULL),(103,'条件分页查询','com.my.system.controller.SysOperLogController.page','admin','127.0.0.1','1 5 {}',NULL,'2023-12-15 06:46:20',NULL,0,'系统操作日志',1,NULL),(104,'条件分页查询','com.my.system.controller.SysOperLogController.page','admin','127.0.0.1','1 10 {}',NULL,'2023-12-15 06:48:11',NULL,0,'系统操作日志',1,NULL),(105,'条件分页查询','com.my.system.controller.SysLoginLogController.page','admin','127.0.0.1','1 2 {}',NULL,'2023-12-15 06:49:21',NULL,0,'系统登录日志',1,NULL),(106,'条件分页查询','com.my.system.controller.SysOperLogController.page','admin','127.0.0.1','1 10 {}',NULL,'2023-12-15 06:49:39',NULL,0,'系统操作日志',1,NULL),(107,'退出登录','com.my.system.controller.IndexController.logout','admin','127.0.0.1','','{\"code\":200,\"message\":\"成功\"}','2023-12-15 06:50:42',NULL,0,'后台登录管理',1,NULL),(108,'获取用户信息','com.my.system.controller.IndexController.info','admin','127.0.0.1','',NULL,'2023-12-15 06:50:43',NULL,0,'后台登录管理',1,NULL),(109,'条件分页查询','com.my.system.controller.SysOperLogController.page','admin','127.0.0.1','1 10 {}',NULL,'2023-12-15 06:50:43',NULL,0,'系统操作日志',1,NULL),(110,'条件分页查询','com.my.system.controller.SysRoleController.page','admin','127.0.0.1','1 2 {}',NULL,'2023-12-15 06:50:45',NULL,0,'角色管理',1,NULL),(111,'根据ID查询','com.my.system.controller.SysRoleController.get','admin','127.0.0.1','1',NULL,'2023-12-15 06:50:47',NULL,0,'角色管理',1,NULL),(112,'获取菜单（权限）列表','com.my.system.controller.SysRoleController.getMenus','admin','127.0.0.1','1',NULL,'2023-12-15 06:50:50',NULL,0,'角色管理',1,NULL),(113,'给角色分配菜单（权限）','com.my.system.controller.SysRoleController.assignMenus','admin','127.0.0.1','{\"menusIds\":[2,3,6,7,8,9,18,37,4,10,11,12,13,19,5,14,15,16,17,39,40,41],\"roleId\":1}','{\"code\":200,\"message\":\"成功\"}','2023-12-15 06:50:55',NULL,0,'角色管理',1,NULL),(114,'条件分页查询','com.my.system.controller.SysRoleController.page','admin','127.0.0.1','1 2 {}',NULL,'2023-12-15 06:50:56',NULL,0,'角色管理',1,NULL),(115,'获取菜单（权限）列表','com.my.system.controller.SysRoleController.getMenus','admin','127.0.0.1','2',NULL,'2023-12-15 06:51:00',NULL,0,'角色管理',1,NULL),(116,'条件分页查询','com.my.system.controller.SysRoleController.page','admin','127.0.0.1','1 2 {}',NULL,'2023-12-15 06:51:08',NULL,0,'角色管理',1,NULL),(117,'退出登录','com.my.system.controller.IndexController.logout','admin','127.0.0.1','','{\"code\":200,\"message\":\"成功\"}','2023-12-15 06:51:10',NULL,0,'后台登录管理',1,NULL),(118,'获取用户信息','com.my.system.controller.IndexController.info','zhangsan','127.0.0.1','',NULL,'2023-12-15 06:51:12',NULL,0,'后台登录管理',1,NULL),(119,'条件分页查询','com.my.system.controller.SysRoleController.page','zhangsan','127.0.0.1','1 2 {}',NULL,'2023-12-15 06:51:12',NULL,0,'角色管理',1,NULL),(120,'菜单列表','com.my.system.controller.SysMenuController.list','zhangsan','127.0.0.1','',NULL,'2023-12-15 06:51:16',NULL,0,'菜单（权限）管理',1,NULL),(121,'条件分页查询','com.my.system.controller.SysUserController.page','zhangsan','127.0.0.1','1 2 {}',NULL,'2023-12-15 06:51:18',NULL,0,'系统用户管理',1,NULL),(122,'退出登录','com.my.system.controller.IndexController.logout','zhangsan','127.0.0.1','','{\"code\":200,\"message\":\"成功\"}','2023-12-15 06:51:20',NULL,0,'后台登录管理',1,NULL),(123,'获取用户信息','com.my.system.controller.IndexController.info','admin','127.0.0.1','',NULL,'2023-12-15 06:51:23',NULL,0,'后台登录管理',1,NULL),(124,'条件分页查询','com.my.system.controller.SysUserController.page','admin','127.0.0.1','1 2 {}',NULL,'2023-12-15 06:51:23',NULL,0,'系统用户管理',1,NULL),(125,'条件分页查询','com.my.system.controller.SysOperLogController.page','admin','127.0.0.1','1 10 {}',NULL,'2023-12-15 06:52:01',NULL,0,'系统操作日志',1,NULL),(126,'获取用户信息','com.my.system.controller.IndexController.info','admin','127.0.0.1','',NULL,'2023-12-15 06:52:17',NULL,0,'后台登录管理',1,NULL),(127,'条件分页查询','com.my.system.controller.SysOperLogController.page','admin','127.0.0.1','1 10 {}',NULL,'2023-12-15 06:52:18',NULL,0,'系统操作日志',1,NULL),(128,'菜单列表','com.my.system.controller.SysMenuController.list','admin','127.0.0.1','',NULL,'2023-12-15 06:53:48',NULL,0,'菜单（权限）管理',1,NULL),(129,'条件分页查询','com.my.system.controller.SysRoleController.page','admin','127.0.0.1','1 2 {}',NULL,'2023-12-15 06:53:50',NULL,0,'角色管理',1,NULL),(130,'条件分页查询','com.my.system.controller.SysUserController.page','admin','127.0.0.1','1 2 {}',NULL,'2023-12-15 06:53:52',NULL,0,'系统用户管理',1,NULL),(131,'条件分页查询','com.my.system.controller.SysRoleController.page','admin','127.0.0.1','1 2 {}',NULL,'2023-12-15 06:53:55',NULL,0,'角色管理',1,NULL),(132,'菜单列表','com.my.system.controller.SysMenuController.list','admin','127.0.0.1','',NULL,'2023-12-15 06:53:56',NULL,0,'菜单（权限）管理',1,NULL),(133,'条件分页查询','com.my.system.controller.SysLoginLogController.page','admin','127.0.0.1','1 2 {}',NULL,'2023-12-15 06:53:59',NULL,0,'系统登录日志',1,NULL),(134,'条件分页查询','com.my.system.controller.SysOperLogController.page','admin','127.0.0.1','1 10 {}',NULL,'2023-12-15 06:54:00',NULL,0,'系统操作日志',1,NULL),(135,'条件分页查询','com.my.system.controller.SysLoginLogController.page','admin','127.0.0.1','1 2 {}',NULL,'2023-12-15 06:54:01',NULL,0,'系统登录日志',1,NULL),(136,'条件分页查询','com.my.system.controller.SysLoginLogController.page','admin','127.0.0.1','4 2 {}',NULL,'2023-12-15 06:54:03',NULL,0,'系统登录日志',1,NULL),(137,'条件分页查询','com.my.system.controller.SysLoginLogController.page','admin','127.0.0.1','1 2 {}',NULL,'2023-12-15 06:54:05',NULL,0,'系统登录日志',1,NULL),(138,'条件分页查询','com.my.system.controller.SysLoginLogController.page','admin','127.0.0.1','2 2 {}',NULL,'2023-12-15 06:54:06',NULL,0,'系统登录日志',1,NULL),(139,'条件分页查询','com.my.system.controller.SysLoginLogController.page','admin','127.0.0.1','3 2 {}',NULL,'2023-12-15 06:54:07',NULL,0,'系统登录日志',1,NULL),(140,'条件分页查询','com.my.system.controller.SysLoginLogController.page','admin','127.0.0.1','4 2 {}',NULL,'2023-12-15 06:54:08',NULL,0,'系统登录日志',1,NULL),(141,'条件分页查询','com.my.system.controller.SysLoginLogController.page','admin','127.0.0.1','1 2 {}',NULL,'2023-12-15 06:54:12',NULL,0,'系统登录日志',1,NULL),(142,'条件分页查询','com.my.system.controller.SysLoginLogController.page','admin','127.0.0.1','2 2 {}',NULL,'2023-12-15 06:54:16',NULL,0,'系统登录日志',1,NULL),(143,'条件分页查询','com.my.system.controller.SysLoginLogController.page','admin','127.0.0.1','3 2 {}',NULL,'2023-12-15 06:54:17',NULL,0,'系统登录日志',1,NULL),(144,'条件分页查询','com.my.system.controller.SysLoginLogController.page','admin','127.0.0.1','4 2 {}',NULL,'2023-12-15 06:54:17',NULL,0,'系统登录日志',1,NULL),(145,'获取用户信息','com.my.system.controller.IndexController.info','admin','127.0.0.1','',NULL,'2023-12-15 06:55:56',NULL,0,'后台登录管理',1,NULL),(146,'条件分页查询','com.my.system.controller.SysLoginLogController.page','admin','127.0.0.1','1 2 {}',NULL,'2023-12-15 06:55:57',NULL,0,'系统登录日志',1,NULL),(147,'条件分页查询','com.my.system.controller.SysOperLogController.page','admin','127.0.0.1','1 10 {}',NULL,'2023-12-15 06:56:02',NULL,0,'系统操作日志',1,NULL),(148,'获取用户信息','com.my.system.controller.IndexController.info','admin','127.0.0.1','',NULL,'2023-12-15 06:56:14',NULL,0,'后台登录管理',1,NULL),(149,'条件分页查询','com.my.system.controller.SysOperLogController.page','admin','127.0.0.1','1 10 {}',NULL,'2023-12-15 06:56:14',NULL,0,'系统操作日志',1,NULL),(150,'获取用户信息','com.my.system.controller.IndexController.info','admin','127.0.0.1','',NULL,'2023-12-15 06:56:30',NULL,0,'后台登录管理',1,NULL),(151,'条件分页查询','com.my.system.controller.SysOperLogController.page','admin','127.0.0.1','1 10 {}',NULL,'2023-12-15 06:56:30',NULL,0,'系统操作日志',1,NULL),(152,'条件分页查询','com.my.system.controller.SysLoginLogController.page','admin','127.0.0.1','1 2 {}',NULL,'2023-12-15 06:56:51',NULL,0,'系统登录日志',1,NULL),(153,'条件分页查询','com.my.system.controller.SysOperLogController.page','admin','127.0.0.1','1 10 {}',NULL,'2023-12-15 06:56:53',NULL,0,'系统操作日志',1,NULL),(154,'条件分页查询','com.my.system.controller.SysLoginLogController.page','admin','127.0.0.1','1 2 {}',NULL,'2023-12-15 06:57:12',NULL,0,'系统登录日志',1,NULL),(155,'条件分页查询','com.my.system.controller.SysOperLogController.page','admin','127.0.0.1','1 10 {}',NULL,'2023-12-15 06:57:16',NULL,0,'系统操作日志',1,NULL),(156,'条件分页查询','com.my.system.controller.SysOperLogController.page','admin','127.0.0.1','4 10 {}',NULL,'2023-12-15 07:03:02',NULL,0,'系统操作日志',1,NULL),(157,'条件分页查询','com.my.system.controller.SysOperLogController.page','admin','127.0.0.1','3 10 {}',NULL,'2023-12-15 07:03:03',NULL,0,'系统操作日志',1,NULL),(158,'条件分页查询','com.my.system.controller.SysOperLogController.page','admin','127.0.0.1','2 10 {}',NULL,'2023-12-15 07:03:04',NULL,0,'系统操作日志',1,NULL),(159,'条件分页查询','com.my.system.controller.SysOperLogController.page','admin','127.0.0.1','1 10 {}',NULL,'2023-12-15 07:03:04',NULL,0,'系统操作日志',1,NULL),(160,'条件分页查询','com.my.system.controller.SysOperLogController.page','admin','127.0.0.1','6 10 {}',NULL,'2023-12-15 07:03:06',NULL,0,'系统操作日志',1,NULL),(161,'条件分页查询','com.my.system.controller.SysOperLogController.page','admin','127.0.0.1','4 10 {}',NULL,'2023-12-15 07:03:07',NULL,0,'系统操作日志',1,NULL),(162,'条件分页查询','com.my.system.controller.SysOperLogController.page','admin','127.0.0.1','1 10 {}',NULL,'2023-12-15 07:03:09',NULL,0,'系统操作日志',1,NULL),(163,'条件分页查询','com.my.system.controller.SysOperLogController.page','admin','127.0.0.1','4 10 {}',NULL,'2023-12-15 07:03:10',NULL,0,'系统操作日志',1,NULL),(164,'条件分页查询','com.my.system.controller.SysOperLogController.page','admin','127.0.0.1','5 10 {}',NULL,'2023-12-15 07:03:11',NULL,0,'系统操作日志',1,NULL),(165,'条件分页查询','com.my.system.controller.SysOperLogController.page','admin','127.0.0.1','1 10 {}',NULL,'2023-12-15 07:03:13',NULL,0,'系统操作日志',1,NULL),(166,'条件分页查询','com.my.system.controller.SysLoginLogController.page','admin','127.0.0.1','1 2 {}',NULL,'2023-12-15 07:03:42',NULL,0,'系统登录日志',1,NULL),(167,'条件分页查询','com.my.system.controller.SysOperLogController.page','admin','127.0.0.1','1 10 {}',NULL,'2023-12-15 07:03:43',NULL,0,'系统操作日志',1,NULL),(168,'条件分页查询','com.my.system.controller.SysLoginLogController.page','admin','127.0.0.1','1 2 {}',NULL,'2023-12-15 07:03:45',NULL,0,'系统登录日志',1,NULL),(169,'条件分页查询','com.my.system.controller.SysLoginLogController.page','admin','127.0.0.1','1 10 {}',NULL,'2023-12-15 07:04:28',NULL,0,'系统登录日志',1,NULL),(170,'条件分页查询','com.my.system.controller.SysOperLogController.page','admin','127.0.0.1','1 10 {}',NULL,'2023-12-15 07:04:43',NULL,0,'系统操作日志',1,NULL),(171,'条件分页查询','com.my.system.controller.SysLoginLogController.page','admin','127.0.0.1','1 10 {}',NULL,'2023-12-15 07:04:48',NULL,0,'系统登录日志',1,NULL),(172,'条件分页查询','com.my.system.controller.SysOperLogController.page','admin','127.0.0.1','1 10 {}',NULL,'2023-12-15 07:04:49',NULL,0,'系统操作日志',1,NULL),(173,'获取用户信息','com.my.system.controller.IndexController.info','admin','127.0.0.1','',NULL,'2023-12-15 07:25:16',NULL,0,'后台登录管理',1,NULL),(174,'获取用户信息','com.my.system.controller.IndexController.info','admin','192.168.0.109','',NULL,'2023-12-15 07:26:05',NULL,0,'后台登录管理',1,NULL),(175,'获取用户信息','com.my.system.controller.IndexController.info','admin','127.0.0.1','',NULL,'2023-12-15 07:26:05',NULL,0,'后台登录管理',1,NULL),(176,'条件分页查询','com.my.system.controller.SysUserController.page','admin','192.168.0.109','1 2 {}',NULL,'2023-12-15 07:26:08',NULL,0,'系统用户管理',1,NULL),(177,'条件分页查询','com.my.system.controller.SysLoginLogController.page','admin','127.0.0.1','1 10 {}',NULL,'2023-12-15 07:26:10',NULL,0,'系统登录日志',1,NULL),(178,'条件分页查询','com.my.system.controller.SysOperLogController.page','admin','192.168.0.109','1 10 {}',NULL,'2023-12-15 07:26:11',NULL,0,'系统操作日志',1,NULL),(179,'条件分页查询','com.my.system.controller.SysRoleController.page','admin','127.0.0.1','1 2 {}',NULL,'2023-12-15 07:26:13',NULL,0,'角色管理',1,NULL),(180,'条件分页查询','com.my.system.controller.SysUserController.page','admin','192.168.0.109','1 2 {}',NULL,'2023-12-15 07:26:15',NULL,0,'系统用户管理',1,NULL),(181,'菜单列表','com.my.system.controller.SysMenuController.list','admin','127.0.0.1','',NULL,'2023-12-15 07:26:16',NULL,0,'菜单（权限）管理',1,NULL),(182,'条件分页查询','com.my.system.controller.SysRoleController.page','admin','192.168.0.109','1 2 {}',NULL,'2023-12-15 07:26:18',NULL,0,'角色管理',1,NULL),(183,'条件分页查询','com.my.system.controller.SysLoginLogController.page','admin','127.0.0.1','1 10 {}',NULL,'2023-12-15 07:26:18',NULL,0,'系统登录日志',1,NULL),(184,'条件分页查询','com.my.system.controller.SysOperLogController.page','admin','192.168.0.109','1 10 {}',NULL,'2023-12-15 07:26:20',NULL,0,'系统操作日志',1,NULL),(185,'条件分页查询','com.my.system.controller.SysLoginLogController.page','admin','127.0.0.1','1 10 {}',NULL,'2023-12-15 07:26:32',NULL,0,'系统登录日志',1,NULL),(186,'菜单列表','com.my.system.controller.SysMenuController.list','admin','192.168.0.109','',NULL,'2023-12-15 07:26:35',NULL,0,'菜单（权限）管理',1,NULL),(187,'条件分页查询','com.my.system.controller.SysRoleController.page','admin','127.0.0.1','1 2 {}',NULL,'2023-12-15 07:26:37',NULL,0,'角色管理',1,NULL),(188,'条件分页查询','com.my.system.controller.SysUserController.page','admin','192.168.0.109','1 2 {}',NULL,'2023-12-15 07:26:39',NULL,0,'系统用户管理',1,NULL),(189,'条件分页查询','com.my.system.controller.SysRoleController.page','admin','127.0.0.1','1 2 {}',NULL,'2023-12-15 07:26:44',NULL,0,'角色管理',1,NULL),(190,'菜单列表','com.my.system.controller.SysMenuController.list','admin','192.168.0.109','',NULL,'2023-12-15 07:26:46',NULL,0,'菜单（权限）管理',1,NULL),(191,'条件分页查询','com.my.system.controller.SysRoleController.page','admin','127.0.0.1','1 2 {}',NULL,'2023-12-15 07:26:49',NULL,0,'角色管理',1,NULL),(192,'条件分页查询','com.my.system.controller.SysUserController.page','admin','192.168.0.109','1 2 {}',NULL,'2023-12-15 07:26:50',NULL,0,'系统用户管理',1,NULL);
/*!40000 ALTER TABLE `sys_oper_log` ENABLE KEYS */;
UNLOCK TABLES;

--
-- Table structure for table `sys_login_log`
--

DROP TABLE IF EXISTS `sys_login_log`;
/*!40101 SET @saved_cs_client     = @@character_set_client */;
/*!50503 SET character_set_client = utf8mb4 */;
CREATE TABLE `sys_login_log` (
  `id` bigint NOT NULL AUTO_INCREMENT COMMENT '访问ID',
  `username` varchar(50) CHARACTER SET utf8mb3 COLLATE utf8mb3_general_ci DEFAULT NULL COMMENT '用户账号',
  `status` tinyint(1) DEFAULT '0' COMMENT '登录状态（1成功 0失败）',
  `msg` varchar(255) CHARACTER SET utf8mb3 COLLATE utf8mb3_general_ci DEFAULT NULL COMMENT '提示信息',
  `create_time` timestamp NOT NULL DEFAULT CURRENT_TIMESTAMP ON UPDATE CURRENT_TIMESTAMP,
  `update_time` timestamp NULL DEFAULT NULL ON UPDATE CURRENT_TIMESTAMP,
  `deleted` tinyint NOT NULL DEFAULT '0' COMMENT '删除标记（0:可用 1:已删除）',
  `ipaddr` varchar(200) DEFAULT NULL COMMENT 'IP地址',
  PRIMARY KEY (`id`)
) ENGINE=InnoDB AUTO_INCREMENT=9 DEFAULT CHARSET=utf8mb3 COMMENT='系统访问记录';
/*!40101 SET character_set_client = @saved_cs_client */;

--
-- Dumping data for table `sys_login_log`
--

LOCK TABLES `sys_login_log` WRITE;
/*!40000 ALTER TABLE `sys_login_log` DISABLE KEYS */;
INSERT INTO `sys_login_log` VALUES (1,'admin',1,'登录成功','2023-12-15 04:21:43',NULL,0,'192.168.0.109'),(2,'admin',1,'登录成功','2023-12-15 04:24:09',NULL,0,'127.0.0.1'),(3,'zhangsan',1,'登录成功','2023-12-15 04:27:52',NULL,0,'192.168.0.109'),(4,'admin',1,'登录成功','2023-12-15 04:40:32',NULL,0,'127.0.0.1'),(5,'admin',1,'登录成功','2023-12-15 06:50:43',NULL,0,'127.0.0.1'),(6,'zhangsan',1,'登录成功','2023-12-15 06:51:12',NULL,0,'127.0.0.1'),(7,'admin',1,'登录成功','2023-12-15 06:51:23',NULL,0,'127.0.0.1'),(8,'admin',1,'登录成功','2023-12-15 07:25:15',NULL,0,'192.168.0.109');
/*!40000 ALTER TABLE `sys_login_log` ENABLE KEYS */;
UNLOCK TABLES;

--
-- Table structure for table `sys_role`
--

DROP TABLE IF EXISTS `sys_role`;
/*!40101 SET @saved_cs_client     = @@character_set_client */;
/*!50503 SET character_set_client = utf8mb4 */;
CREATE TABLE `sys_role` (
  `id` bigint NOT NULL AUTO_INCREMENT COMMENT '角色id',
  `role_name` varchar(20) NOT NULL DEFAULT '' COMMENT '角色名称',
  `role_code` varchar(20) DEFAULT NULL COMMENT '角色编码',
  `description` varchar(255) DEFAULT NULL COMMENT '描述',
  `create_time` timestamp NOT NULL DEFAULT CURRENT_TIMESTAMP COMMENT '创建时间',
  `update_time` timestamp NOT NULL DEFAULT CURRENT_TIMESTAMP ON UPDATE CURRENT_TIMESTAMP COMMENT '更新时间',
  `deleted` tinyint NOT NULL DEFAULT '0' COMMENT '删除标记（0:可用 1:已删除）',
  PRIMARY KEY (`id`)
) ENGINE=InnoDB AUTO_INCREMENT=17 DEFAULT CHARSET=utf8mb3 COMMENT='角色';
/*!40101 SET character_set_client = @saved_cs_client */;

--
-- Dumping data for table `sys_role`
--

LOCK TABLES `sys_role` WRITE;
/*!40000 ALTER TABLE `sys_role` DISABLE KEYS */;
INSERT INTO `sys_role` VALUES (1,'系统管理员','SYSTEM','系统管理员','2021-05-31 11:09:18','2022-06-08 02:21:10',0),(2,'普通管理员','COMMON','普通管理员','2021-06-01 01:38:40','2023-12-12 04:28:23',0),(8,'用户管理员','009','给用户用的','2022-06-08 10:39:04','2022-06-08 10:39:04',0),(9,'推销员','001','','2023-12-07 11:11:43','2023-12-07 11:12:00',1),(10,'推销员','001','','2023-12-07 11:32:28','2023-12-07 11:37:12',1),(11,'推销员','001','','2023-12-07 11:32:38','2023-12-07 11:37:12',1),(12,'推销员2','002','','2023-12-07 11:41:15','2023-12-09 07:12:47',1),(13,'推销员','003','公司内部运营','2023-12-09 07:23:56','2023-12-09 07:23:56',0),(14,'xxx','xx','x','2023-12-09 07:35:17','2023-12-09 07:38:10',1),(15,'yy','yyy','y','2023-12-09 07:35:25','2023-12-09 07:38:10',1),(16,'推销员','001','','2023-12-14 11:16:36','2023-12-14 11:16:36',0);
/*!40000 ALTER TABLE `sys_role` ENABLE KEYS */;
UNLOCK TABLES;

--
-- Table structure for table `sys_user_role`
--

DROP TABLE IF EXISTS `sys_user_role`;
/*!40101 SET @saved_cs_client     = @@character_set_client */;
/*!50503 SET character_set_client = utf8mb4 */;
CREATE TABLE `sys_user_role` (
  `id` bigint NOT NULL AUTO_INCREMENT COMMENT '主键id',
  `role_id` bigint NOT NULL DEFAULT '0' COMMENT '角色id',
  `user_id` bigint NOT NULL DEFAULT '0' COMMENT '用户id',
  `create_time` timestamp NOT NULL DEFAULT CURRENT_TIMESTAMP COMMENT '创建时间',
  `update_time` timestamp NOT NULL DEFAULT CURRENT_TIMESTAMP ON UPDATE CURRENT_TIMESTAMP COMMENT '更新时间',
  `deleted` tinyint NOT NULL DEFAULT '0' COMMENT '删除标记（0:可用 1:已删除）',
  PRIMARY KEY (`id`),
  KEY `idx_role_id` (`role_id`),
  KEY `idx_admin_id` (`user_id`)
) ENGINE=InnoDB AUTO_INCREMENT=79 DEFAULT CHARSET=utf8mb3 COMMENT='用户角色';
/*!40101 SET character_set_client = @saved_cs_client */;

--
-- Dumping data for table `sys_user_role`
--

LOCK TABLES `sys_user_role` WRITE;
/*!40000 ALTER TABLE `sys_user_role` DISABLE KEYS */;
INSERT INTO `sys_user_role` VALUES (5,1,1,'2022-05-24 09:55:53','2022-05-24 09:55:53',0),(6,2,3,'2022-05-25 09:09:31','2023-12-12 04:27:48',0),(11,1,3,'2023-12-09 11:52:24','2023-12-09 11:52:24',0),(78,2,4,'2023-12-12 11:24:30','2023-12-12 11:24:30',0);
/*!40000 ALTER TABLE `sys_user_role` ENABLE KEYS */;
UNLOCK TABLES;
/*!40103 SET TIME_ZONE=@OLD_TIME_ZONE */;

/*!40101 SET SQL_MODE=@OLD_SQL_MODE */;
/*!40014 SET FOREIGN_KEY_CHECKS=@OLD_FOREIGN_KEY_CHECKS */;
/*!40014 SET UNIQUE_CHECKS=@OLD_UNIQUE_CHECKS */;
/*!40101 SET CHARACTER_SET_CLIENT=@OLD_CHARACTER_SET_CLIENT */;
/*!40101 SET CHARACTER_SET_RESULTS=@OLD_CHARACTER_SET_RESULTS */;
/*!40101 SET COLLATION_CONNECTION=@OLD_COLLATION_CONNECTION */;
/*!40111 SET SQL_NOTES=@OLD_SQL_NOTES */;

-- Dump completed on 2023-12-15 14:52:44
